-- phpMyAdmin SQL Dump
-- version 5.2.1
-- https://www.phpmyadmin.net/
--
-- Host: 127.0.0.1
-- Generation Time: Feb 25, 2025 at 02:08 AM
-- Server version: 10.4.32-MariaDB
-- PHP Version: 8.2.12

SET SQL_MODE = "NO_AUTO_VALUE_ON_ZERO";
START TRANSACTION;
SET time_zone = "+00:00";


/*!40101 SET @OLD_CHARACTER_SET_CLIENT=@@CHARACTER_SET_CLIENT */;
/*!40101 SET @OLD_CHARACTER_SET_RESULTS=@@CHARACTER_SET_RESULTS */;
/*!40101 SET @OLD_COLLATION_CONNECTION=@@COLLATION_CONNECTION */;
/*!40101 SET NAMES utf8mb4 */;

--
-- Database: `penjualan`
--

-- --------------------------------------------------------

--
-- Table structure for table `barang`
--

CREATE TABLE `barang` (
  `ID_Barang` varchar(10) NOT NULL,
  `Nama_Barang` varchar(50) DEFAULT NULL,
  `Jenis` varchar(20) DEFAULT NULL,
  `HargaBeli` decimal(10,0) DEFAULT NULL,
  `HargaJual` decimal(10,0) DEFAULT NULL,
  `Stok` int(11) DEFAULT NULL
) ENGINE=InnoDB DEFAULT CHARSET=utf8mb4 COLLATE=utf8mb4_general_ci;

--
-- Dumping data for table `barang`
--

INSERT INTO `barang` (`ID_Barang`, `Nama_Barang`, `Jenis`, `HargaBeli`, `HargaJual`, `Stok`) VALUES
('BR001', 'Oreo', 'Makanan', 3500, 5000, 30),
('BR002', 'Malkist Roma Kelapa', 'Makanan', 7000, 12000, 30),
('BR003', 'Coca Cola', 'Minuman', 5000, 6500, 45),
('BR004', 'Foxs', 'Permen', 5000, 5600, 20);

-- --------------------------------------------------------

--
-- Table structure for table `penjualan`
--

CREATE TABLE `penjualan` (
  `NoFaktur` varchar(20) NOT NULL,
  `Tanggal` varchar(20) DEFAULT NULL,
  `ID_Customer` varchar(10) DEFAULT NULL,
  `TotalBeli` decimal(10,0) DEFAULT NULL
) ENGINE=InnoDB DEFAULT CHARSET=utf8mb4 COLLATE=utf8mb4_general_ci;

--
-- Dumping data for table `penjualan`
--

INSERT INTO `penjualan` (`NoFaktur`, `Tanggal`, `ID_Customer`, `TotalBeli`) VALUES
('TR0001', '24-02-2025', 'C001', 10000),
('TR0002', '24-02-2025', 'C002', 18600);

-- --------------------------------------------------------

--
-- Table structure for table `penjualanrinci`
--

CREATE TABLE `penjualanrinci` (
  `NoFaktur` varchar(20) DEFAULT NULL,
  `ID_Barang` varchar(10) DEFAULT NULL,
  `Nama_Barang` varchar(50) DEFAULT NULL,
  `Jumlah` int(11) DEFAULT NULL,
  `Harga` decimal(10,0) DEFAULT NULL,
  `Total` decimal(10,0) DEFAULT NULL
) ENGINE=InnoDB DEFAULT CHARSET=utf8mb4 COLLATE=utf8mb4_general_ci;

--
-- Dumping data for table `penjualanrinci`
--

INSERT INTO `penjualanrinci` (`NoFaktur`, `ID_Barang`, `Nama_Barang`, `Jumlah`, `Harga`, `Total`) VALUES
('TR0001', 'BR002', 'Malkist Roma Kelapa', 30, 2, 60),
('TR0002', 'BR002', 'Malkist Roma Kelapa', 1, 30, 30),
('TR0001', 'BR001', 'Oreo', 2, 5000, 10000),
('TR0002', 'BR004', 'Foxs', 1, 5600, 5600),
('TR0002', 'BR003', 'Coca Cola', 2, 6500, 13000);

--
-- Indexes for dumped tables
--

--
-- Indexes for table `barang`
--
ALTER TABLE `barang`
  ADD PRIMARY KEY (`ID_Barang`);

--
-- Indexes for table `penjualan`
--
ALTER TABLE `penjualan`
  ADD PRIMARY KEY (`NoFaktur`);
COMMIT;

/*!40101 SET CHARACTER_SET_CLIENT=@OLD_CHARACTER_SET_CLIENT */;
/*!40101 SET CHARACTER_SET_RESULTS=@OLD_CHARACTER_SET_RESULTS */;
/*!40101 SET COLLATION_CONNECTION=@OLD_COLLATION_CONNECTION */;
